diagnosis,INTAKE1,INTAKE2,INTAKE3,INTAKE4
A1,26.537216828478964,19.093851132686083,24.271844660194176,30.097087378640776
A2,27.92207792207792,20.77922077922078,22.727272727272727,28.57142857142857
A3,24.691358024691358,20.98765432098765,22.22222222222222,32.098765432098766
A4,22.988505747126435,19.54022988505747,19.54022988505747,37.93103448275862
B1,20.84592145015106,21.75226586102719,23.867069486404834,33.53474320241692
B2,20.670391061452513,20.670391061452513,21.787709497206702,36.87150837988827
B3,17.441860465116278,26.744186046511626,23.25581395348837,32.55813953488372
B4,20.689655172413794,18.39080459770115,21.839080459770116,39.08045977011494
