diagnosis,OR1,OR2,OR3,OR4,OR5
A2,14.193548387096774,19.35483870967742,21.935483870967744,21.935483870967744,22.58064516129032
A3,30.120481927710845,24.096385542168676,14.457831325301203,13.253012048192772,18.072289156626507
A4,21.11111111111111,17.77777777777778,23.333333333333332,13.333333333333334,24.444444444444443
B3,19.014084507042252,31.690140845070424,19.014084507042252,11.971830985915492,18.30985915492958
B4,15.436241610738255,30.87248322147651,17.449664429530202,9.395973154362416,26.845637583892618
